StockCode,first,count
22086,PAPER CHAIN KIT 50'S CHRISTMAS ,2084
22910,PAPER CHAIN KIT VINTAGE CHRISTMAS,1462
22952,72 CAKE CASES VINTAGE CHRISTMAS,1177
22909,SET OF 20 VINTAGE CHRISTMAS NAPKINS,1128
22577,WOODEN HEART CHRISTMAS SCANDINAVIAN,862
22578,WOODEN STAR CHRISTMAS SCANDINAVIAN,806
84347,ROTATING SILVER ANGELS T-LIGHT HLDR,787
22734,SET OF 6 RIBBONS VINTAGE CHRISTMAS,778
22966,GINGERBREAD MAN COOKIE CUTTER,749
23344,JUMBO BAG 50'S CHRISTMAS ,729
22144,CHRISTMAS CRAFT LITTLE FRIENDS,721
85049A,TRADITIONAL CHRISTMAS RIBBONS,686
35961,FOLKART ZINC HEART CHRISTMAS DEC,647
21098,CHRISTMAS TOILET ROLL,622
22739,"RIBBON REEL, XMAS SOCK/BAUBLE",609
22940,FELTCRAFT CHRISTMAS FAIRY,605
22141,CHRISTMAS CRAFT TREE TOP ANGEL,586
22579,WOODEN TREE CHRISTMAS SCANDINAVIAN,575
85048,15CM CHRISTMAS GLASS BALL 20 LIGHTS,572
22571,ROCKING HORSE RED CHRISTMAS ,524
22142,CHRISTMAS CRAFT WHITE FAIRY ,520
22941,CHRISTMAS LIGHTS 10 REINDEER,510
22737,RIBBON REEL CHRISTMAS PRESENT ,505
22580,ADVENT CALENDAR GINGHAM SACK,503
23343,JUMBO BAG VINTAGE CHRISTMAS ,493
22065,CHRISTMAS PUDDING TRINKET POT ,485
22241,"GARLAND , WOODEN  "" HAPPY EASTER""",484
22812,PACK 3 BOXES CHRISTMAS PANNETONE,479
35400,WOODEN BOX ADVENT CALENDAR ,468
22596,CHRISTMAS STAR WISH LIST CHALKBOARD,453
22121,NOEL WOODEN BLOCK LETTERS ,447
22816,CARD MOTORBIKE SANTA,441
22130,PARTY CONE CHRISTMAS DECORATION ,440
22600,CHRISTMAS RETROSPOT STAR WOOD,439
22601,CHRISTMAS RETROSPOT ANGEL WOOD,425
22574,HEART WOODEN CHRISTMAS DECORATION,422
22593,CHRISTMAS GINGHAM STAR,418
23319,BOX OF 6 MINI 50'S CRACKERS,417
22594,CHRISTMAS GINGHAM TREE,414
23313,VINTAGE CHRISTMAS BUNTING,410
22818,CARD CHRISTMAS VILLAGE,409
22573,STAR WOODEN CHRISTMAS DECORATION,409
22412,METAL SIGN NEIGHBOURHOOD WITCH ,407
22603,CHRISTMAS RETROSPOT TREE WOOD,398
22581,WOOD STOCKING CHRISTMAS SCANDISPOT,391
23318,BOX OF 6 MINI VINTAGE CRACKERS,389
22595,CHRISTMAS GINGHAM HEART,387
22809,SET OF 6 T-LIGHTS SANTA,387
22187,GREEN CHRISTMAS TREE CARD HOLDER,380
22943,CHRISTMAS LIGHTS 10 VINTAGE BAUBLES,374
22572,ROCKING HORSE GREEN CHRISTMAS ,374
20668,DISCO BALL CHRISTMAS DECORATION,374
22075,6 RIBBONS ELEGANT CHRISTMAS ,364
21810,CHRISTMAS HANGING STAR WITH BELL,362
23351,ROLL WRAP 50'S CHRISTMAS,361
22950,36 DOILIES VINTAGE CHRISTMAS,361
22945,CHRISTMAS METAL TAGS ASSORTED ,353
23311,VINTAGE CHRISTMAS STOCKING ,351
85062,PEARL CRYSTAL PUMPKIN T-LIGHT HLDR,351
22575,METAL MERRY CHRISTMAS WREATH,350
85184C,S/4 VALENTINE DECOUPAGE HEART BOX,348
22576,SWALLOW WOODEN CHRISTMAS DECORATION,348
22733,3D STICKERS TRADITIONAL CHRISTMAS ,345
23349,ROLL WRAP VINTAGE CHRISTMAS,345
22154,ANGEL DECORATION 3 BUTTONS ,343
22732,3D VINTAGE CHRISTMAS STICKERS ,342
23320,GIANT 50'S CHRISTMAS CRACKER,340
23266,SET OF 3 WOODEN STOCKING DECORATION,338
23353,6 GIFT TAGS VINTAGE CHRISTMAS ,333
23354,6 GIFT TAGS 50'S CHRISTMAS ,333
21802,CHRISTMAS TREE HEART DECORATION,326
85206A,CREAM FELT EASTER EGG BASKET,326
21803,CHRISTMAS TREE STAR DECORATION,323
23247,BISCUIT TIN 50'S CHRISTMAS,314
22148,EASTER CRAFT 4 CHICKS ,311
22592,CARDHOLDER HOLLY WREATH METAL,308
22602,CHRISTMAS RETROSPOT HEART WOOD,298
22153,ANGEL DECORATION STARS ON DRESS,298
22696,WICKER WREATH LARGE,295
22959,WRAP CHRISTMAS VILLAGE,290
22946,WOODEN ADVENT CALENDAR CREAM,290
23234,BISCUIT TIN VINTAGE CHRISTMAS,283
22731,3D CHRISTMAS STAMPS STICKERS ,271
22689,DOORMAT MERRY CHRISTMAS RED ,267
22942,CHRISTMAS LIGHTS 10 SANTAS ,260
21801,CHRISTMAS TREE DECORATION WITH BELL,260
21819,GLITTER CHRISTMAS STAR ,257
22021,BLUE FELT EASTER EGG BASKET,239
22695,WICKER WREATH SMALL,230
84754,S/15 SILVER GLASS BAUBLES IN BAG,226
23382,BOX OF 6 CHRISTMAS CAKE DECORATIONS,224
21744,SNOWFLAKE PORTABLE TABLE LIGHT ,223
22591,CARDHOLDER GINGHAM CHRISTMAS TREE,222
22414,DOORMAT NEIGHBOURHOOD WITCH ,222
22947,WOODEN ADVENT CALENDAR RED,221
23312,VINTAGE CHRISTMAS GIFT SACK,219
72817,SET/2 CHRISTMAS DECOUPAGE CANDLES,217
23352,ROLL WRAP 50'S RED CHRISTMAS ,214
21809,CHRISTMAS HANGING TREE WITH BELL,212
22145,CHRISTMAS CRAFT HEART STOCKING ,203
84944,SET OF 6 KASHMIR FOLKART BAUBLES,201
23434,3 RAFFIA RIBBONS 50'S CHRISTMAS ,201
23212,HEART WREATH DECORATION WITH BELL,194
35832,WOOLLY HAT SOCK GLOVE ADVENT STRING,193
22599,CHRISTMAS MUSICAL ZINC STAR,192
85206B,PINK FELT EASTER EGG BASKET,187
22340,NOEL GARLAND PAINTED ZINC ,186
23130,MISTLETOE HEART WREATH GREEN,186
21351,CINAMMON & ORANGE WREATH,184
72586,"S/6 HALLOWEEN GHOST T LIGHTS, 5CM H",184
23378,PACK OF 12 50'S CHRISTMAS TISSUES,183
21807,WHITE CHRISTMAS STAR DECORATION,180
21717,EASTER TIN BUCKET,178
22265,EASTER DECORATION NATURAL CHICK,177
21349,IVY HEART WREATH,174
23129,HEART SHAPED HOLLY WREATH,173
22859,EASTER TIN BUNNY BOUQUET,173
22266,EASTER DECORATION HANGING BUNNY,172
21811,CHRISTMAS HANGING HEART WITH BELL,171
23157,SET OF 6 NATIVITY MAGNETS ,170
22944,CHRISTMAS METAL POSTCARD WITH BELLS,166
22268,EASTER DECORATION SITTING BUNNY,166
22270,HAPPY EASTER HANGING DECORATION,165
21352,EUCALYPTUS & PINECONE  WREATH,163
85186A,EASTER BUNNY GARLAND OF FLOWERS,161
23376,PACK OF 12 VINTAGE CHRISTMAS TISSUE,160
35953,FOLKART STAR CHRISTMAS DECORATIONS,159
22339,CHRISTMAS TREE PAINTED ZINC ,158
23213,STAR WREATH DECORATION WITH BELL,156
21818,GLITTER CHRISTMAS HEART ,156
23221,REINDEER HEART DECORATION SILVER,153
23340,VINTAGE CHRISTMAS CAKE FRILL,152
16169E,WRAP 50'S  CHRISTMAS,152
22281,EASTER TREE YELLOW BIRDS,152
21808,"CHRISTMAS GARLAND STARS,TREES",151
35957,SMALLFOLKART BAUBLE CHRISTMAS DEC,150
21822,GLITTER CHRISTMAS TREE WITH BELLS,149
22337,ANGEL DECORATION PAINTED ZINC ,149
22687,DOORMAT CHRISTMAS VILLAGE,149
22598,CHRISTMAS MUSICAL ZINC TREE,147
22858,EASTER TIN KEEPSAKE,143
21804,WHITE CHRISTMAS GARLAND STARS TREES,143
72816,SET/3 CHRISTMAS DECOUPAGE CANDLES,137
21262,WHITE GOOSE FEATHER CHRISTMAS TREE ,137
21817,GLITTER CHRISTMAS TREE,135
72818,CHRISTMAS DECOUPAGE CANDLE,134
23437, 50'S CHRISTMAS GIFT BAG LARGE,132
84352,SILVER CHRISTMAS TREE BAUBLE STAND ,132
21806,WHITE CHRISTMAS HEART DECORATION,132
22042,CHRISTMAS CARD SINGING ANGEL,131
22157,ANGEL DECORATION WITH LACE PADDED,130
22043,CHRISTMAS CARD SCREEN PRINT ,127
84341B,SMALL PINK MAGIC CHRISTMAS TREE,125
22933,BAKING MOULD EASTER EGG MILK CHOC,125
22267,EASTER DECORATION EGG BUNNY ,122
23314,VINTAGE CHRISTMAS TABLECLOTH,120
23131,MISTLETOE HEART WREATH CREAM,118
22597,CHRISTMAS MUSICAL ZINC HEART ,117
23436,GIFT BAG LARGE VINTAGE CHRISTMAS,116
22049,WRAP CHRISTMAS SCREEN PRINT,116
21437,24 HANGING EASTER EGGS FLORAL TUB,116
22860,EASTER TIN CHICKS PINK DAISY,113
85187,S/12 MINI RABBIT EASTER,112
35954,SMALL FOLKART STAR CHRISTMAS DEC,112
23267,SET OF 4 SANTA PLACE SETTINGS,112
22146,EASTER CRAFT IVY WREATH WITH CHICK,111
23271,CHRISTMAS TABLE CANDLE SILVER SPIKE,106
23220,REINDEER HEART DECORATION GOLD,105
21805,WHITE CHRISTMAS TREE DECORATION ,105
35598D,PINK/WHITE CHRISTMAS TREE 60CM,104
35599D,PINK AND WHITE CHRISTMAS TREE 120CM,104
84247E,PACK/12 XMAS FUN CARD,104
23375,50'S CHRISTMAS PAPER GIFT BAG,104
23373,VINTAGE CHRISTMAS PAPER GIFT BAG,100
23435,3 RAFFIA RIBBONS VINTAGE CHRISTMAS,99
35962,12 ASS ZINC CHRISTMAS DECORATIONS,97
22034,ROBIN CHRISTMAS CARD,96
23269,SET OF 2 CERAMIC CHRISTMAS TREES,95
22044,CHRISTMAS CARD STACK OF PRESENTS,91
23223,CHRISTMAS TREE HANGING SILVER ,90
23268,SET OF 2 CERAMIC CHRISTMAS REINDEER,90
85045,GREEN CHRISTMAS TREE STRING 20LIGHT,89
23085,ANTIQUE SILVER BAUBLE LAMP  ,89
21458,2 PICTURE BOOK EGGS EASTER BUNNY,88
20878,SET/9 CHRISTMAS T-LIGHTS SCENTED ,87
85084,HOLLY TOP CHRISTMAS STOCKING,87
22808,SET OF 6 T-LIGHTS EASTER CHICKS,84
20950,SET/6  ANGEL T-LIGHTS WHITE/GOLD,84
20893,HANGING BAUBLE T-LIGHT HOLDER SMALL,83
35958,FOLKART ZINC STAR CHRISTMAS DEC,83
20894,HANGING BAUBLE T-LIGHT HOLDER LARGE,83
22934,BAKING MOULD EASTER EGG WHITE CHOC,79
23222,CHRISTMAS TREE HANGING GOLD,79
21261,GREEN GOOSE FEATHER CHRISTMAS TREE ,77
21412,VINTAGE GOLD TINSEL REEL,76
72815,3 WICK CHRISTMAS BRIAR CANDLE ,74
22143,CHRISTMAS CRAFT HEART DECORATIONS,73
20943,SET/6 GINGERBREAD STAR T-LIGHTS,72
85196,EASTER BUNNIES ON A STICK,72
35981C,WHITE SNOW SCANDINAVIAN STOCKING ,72
21456,2 PICTURE BOOK EGGS EASTER CHICKS,67
22857,ASSORTED EASTER GIFT TAGS,66
21457,2 PICTURE BOOK EGGS EASTER DUCKS,65
35833P,4 PINK FLOCK CHRISTMAS BALLS,64
21373,MIRRORED WALL ART SNOWFLAKES,62
85205B,PINK FELT EASTER RABBIT GARLAND,62
35598B,BLACK CHRISTMAS TREE 60CM,57
72814,SET/3 CHRISTMAS BRIAR CANDLES,56
35991,SET/6 BLACK SNOWFLAKE T-LIGHTS ,56
21268,VINTAGE BLUE TINSEL REEL,52
21816,CHRISTMAS TREE T-LIGHT HOLDER,52
35599B,BLACK CHRISTMAS TREE 120CM,51
35921,EASTER BUNNY HANGING GARLAND,51
85049a,TRADITIONAL CHRISTMAS RIBBONS,51
85033S,SET/6 SILVER REINDEER T-LIGHTS,51
84231,EASTER BUNNY WITH BASKET ON BACK,51
22861,EASTER TIN CHICKS IN GARDEN,50
72529W,WHITE ADVENT CANDLE,49
21459,YELLOW EASTER EGG HUNT START POST,49
23058,CHRISTMAS HANGING SNOWFLAKE,48
21134,VICTORIAN METAL POSTCARD CHRISTMAS,48
84452,METAL RABBIT LADDER EASTER ,47
35951,FOLKART BAUBLE CHRISTMAS DECORATION,46
21350,GINGHAM HEART WREATH,45
85044,RED REINDEER STRING OF 20 LIGHTS,45
21018,BIRD BOX CHRISTMAS TREE DECORATION,44
16169C,WRAP BLUE REINDEER,43
21133,PAINTED BIRD ASSORTED CHRISTMAS,42
35594,WOODEN CHRISTMAS TREE 3 HANGING,40
21438,TUB 24 HANGING EASTER EGGS SPOTTY,38
35922,EASTER BUNNY WREATH,37
84450B,YELLOW RABBIT SAT EASTER,35
85033G,SET/6 GOLD REINDEER T-LIGHT CANDLES,35
35833G,4 GOLD FLOCK CHRISTMAS BALLS,34
22856,ASSORTED EASTER DECORATIONS  BELLS,34
35607A,PINK FLUFFY CHRISTMAS DECORATION,31
21460,GREEN EASTER EGG HUNT START POST,29
35933,PINK STOCKING CHRISTMAS DECORATION,28
23492,VINTAGE JINGLE BELLS WREATH,28
35966,FOLKART CHRISTMAS TREE T-LIGHT HOLD,26
21461,BLUE EASTER EGG HUNT START POST,26
35818P,"ACRYLIC JEWEL ICICLE, PINK",25
72801F,S/4 FESTIVE RED DINNER CANDLES,25
35603C,SET/16 WHITE SHINY & MATT BAUBLES,25
72801E,S/4 FESTIVE GREEN DINNER CANDLES,24
35609A,PINK FEATHER CHRISTMAS DECORATION,24
35920,FOUR RABBIT EASTER DECORATIONS,24
35913B,WHITE/PINK CHICK EASTER DECORATION,23
85205A,IVORY FELT EASTER RABBIT GARLAND,23
85081,PADDED HOLLY CHRISTMAS DECORATION ,22
84247C,PACK/12 BLUE REINDEER CARD,22
84437A,S/6 PINK EASTER DECS IN BOX,20
84455,SET OF 3 RABBIT CARROTS EASTER,20
84447,6 RABBIT CHAIN EASTER,19
84745B,BLUE HANGING GINGHAM EASTER HEN,18
84454,WOBBLING METAL CHICKEN EASTER,18
84745A,PINK HANGING GINGHAM EASTER HEN,17
84456,SET OF 3 RABBIT EGG EASTER,17
35937,CERISE+GOLD CHRISTMAS STOCKING DEC,17
35607B,BLACK FEATHER CHRISTMAS DECORATION,17
84746,PINK EASTER HENS+FLOWER,16
35793,S/3 PUPPIES CHRISTMAS DECORATIONS,16
35931,PINK STAR CHRISTMAS DECORATION,15
23603,SET 10 CARD KRAFT REINDEER 17084,14
35610B,BLACK CHRISTMAS FLOCK DROPLET ,14
35600D,PINK AND WHITE CHRISTMAS TREE 180CM,13
35910A,MULTICOLOUR EASTER RABBIT ,13
35963,FOLKART ZINC CLIP ON ANGEL WINGS,13
35840,FLAT GLASS  BAUBLE WHITE FLOCK ,12
35610A,PINK CHRISTMAS FLOCK DROPLET ,12
35633B,BLUE TINSEL GARLAND ,12
20879,TREE OF NOAH FESTIVE SCENTED CANDLE,12
72724,SET/6 CHRISTMAS ICICLE T-LIGHTS,11
84340,LARGE FIBRE OPTIC CHRISTMAS TREE,11
35817P,"ACRYLIC JEWEL SNOWFLAKE,PINK",11
35818B,"ACRYLIC JEWEL ICICLE, BLUE",11
23632,SET 10 CARDS CHEERFUL ROBIN 17065,10
21267,VINTAGE PINK TINSEL REEL ,10
35932,PINK CHRISTMAS TREE DECORATION,10
35591T,TURQUOISE CHRISTMAS TREE ,9
35816P,"ACRYLIC JEWEL ANGEL,PINK",9
85079,EMBROIDERED REINDEER DECORATION,9
21266,VINTAGE SILVER TINSEL REEL,9
35936,CERISE+GOLD CHRISTMAS TREE DEC,9
21353,SILVER SLEIGHBELL  WREATH,9
85184B,SET 4 EASTER DECOUPAGE OVAL BOXES,8
35910B,PINK FLOWERS RABBIT EASTER,8
35610C,WHITE CHRISTMAS FLOCK DROPLET ,8
35597D,PINK/WHITE CHRISTMAS TREE 30CM,8
23607,SET 10 CARDS HATS & STOCKINGS 17081,7
35909B,PINK FLOWERS RABBIT EASTER,7
35815P,"ACRYLIC JEWEL SNOWFLAKE, PINK",7
35071,ASSORTED SANTA CHRISTMAS DECORATION,7
84450A,PINK RABBIT SITTING EASTER,6
23623,SET 10 CARD CHRISTMAS WELCOME 17112,6
23613,SET 10 XMAS CARDS & BADGES 17070,6
85184c,S/4 VALENTINE DECOUPAGE HEART BOX,6
23644,SET 10 CARDS CHRISTMAS TREE 16955,5
20877,MODERN CHRISTMAS BAUBLE CANDLE ,5
20942,SET/6 GINGERBREAD TREE T-LIGHTS,5
35995,SET/6 BLACK GLITTER REINDEER CANDLE,5
23634,SET 10 CARDS XMAS CHOIR 17068,5
35909A,RABBIT EASTER DECORATION,5
35955,SMALL FOLKART CHRISTMAS TREE DEC,5
35596,WOOD XMAS TREE 9 FIG SHELVES,4
72801e,S/4 FESTIVE GREEN DINNER CANDLES,4
23624,SET 10 CARD PERFECT NATIVITY 17089,4
23625,SET 6 CARDS SPARKLY REINDEER 17262,4
35597A,DUSTY PINK CHRISTMAS TREE 30CM,4
23645,SET 10 CHRISTMAS CARDS HOHOHO 16956,4
23650,SET 10 CARDS FILIGREE BAUBLE 16961,4
23447,PINK BUNNY EASTER EGG BASKET,4
23446,BLUE BUNNY EASTER EGG BASKET,3
20884,MODERN CHRISTMAS TREE CANDLE ,3
23448,CREAM BUNNY EASTER EGG BASKET,3
23635,SET 10 CARDS CHRISTMAS HOLLY  17259,3
35817B,"ACRYLIC JEWEL SNOWFLAKE,BLUE",3
23610,SET 10 CARDS CHRISTMAS ROBIN 17095,3
35598A,DUSTY PINK CHRISTMAS TREE 60CM,3
35598C,WHITE CHRISTMAS TREE 60CM,3
35603B,S/16 BLACK SHINY/MAT BAUBLES,3
35815B,"ACRYLIC JEWEL SNOWFLAKE,BLUE",3
35816B,"ACRYLIC JEWEL ANGEL,BLUE",3
23441,HAND PAINTED HANGING EASTER EGG,3
23630,SET 10 CARDS HANGING BAUBLES 17080,3
85083,KISS REINDEER SCANDINAVIAN STOCKING,3
23638,SET 10 CARDS ROBIN WATERPUMP  17096,2
35976B,WHITE SCANDINAVIAN HEART CHRISTMAS,2
20882,MODERN CHRISTMAS TREE CANDLE,2
23627,SET 10 CARDS XMAS GRAPHIC  17218,2
23619,SET 10 CARDS POINSETTIA 17093,2
35051B,PINK BEADED CONE CHRISTMAS,2
20881,MODERN CHRISTMAS TREE CANDLE,2
23604,SET 10 MINI SANTA & SNOWMAN  17087,2
85077,KISSING REINDEER TABLE RUNNER,1
35974,S/6 CHRISTMAS TREE PLACE SETTING,1
23449,SET OF 6 EASTER RAINBOW CHICKS,1
23605,SET 10 CARDS 12 DAYS OF XMAS 17059,1
23609,SET 10 CARDS SNOWY ROBIN 17099,1
23617,SET 10 CARDS SWIRLY XMAS TREE 17104,1
72529w,WHITE ADVENT CANDLE,1
71101A,ANGEL ON KNEES METAL POLE 100CM H,1
23643,SET 10 CARDS CHRISTMAS BAUBLE 16954,1
35950,FOLKART HEART CHRISTMAS DECORATIONS,1
35945,GOLD CHRISTMAS STOCKING DECORATION,1
35930,PINK HEART CHRISTMAS DECORATION,1
35837,SET OF SIX SILVER+RED FLOCK BAUBLES,1
35818C,"ACRYLIC JEWEL ICICLE, CLEAR ",1
35631B,BLUE GREEN CHRISTMAS HANGING BALL ,1
23652,SET 10 CARD CHRISTMAS STAMPS 16963,1
16169A,WRAP CHRISTMAS DECOUPAGE,1
